[
  {
    "id": 1,
    "title": "عنوان مقاله 1",
    "excerpt": "این خلاصه‌ای از مقاله 1 است که درباره موضوعات مرتبط با خدمات سرمایشی می‌باشد.",
    "image": "/images/blogs/blog.jpg",
    "link": "/blog/1"
  },
  {
    "id": 2,
    "title": "عنوان مقاله 1",
    "excerpt": "این خلاصه‌ای از مقاله 1 است که درباره موضوعات مرتبط با خدمات سرمایشی می‌باشد.",
    "image": "/images/blogs/blog.jpg",
    "link": "/blog/1"
  },
  {
    "id": 3,
    "title": "عنوان مقاله 1",
    "excerpt": "این خلاصه‌ای از مقاله 1 است که درباره موضوعات مرتبط با خدمات سرمایشی می‌باشد.",
    "image": "/images/blogs/blog.jpg",
    "link": "/blog/1"
  },
  {
    "id": 4,
    "title": "عنوان مقاله 1",
    "excerpt": "این خلاصه‌ای از مقاله 1 است که درباره موضوعات مرتبط با خدمات سرمایشی می‌باشد.",
    "image": "/images/blogs/blog.jpg",
    "link": "/blog/1"
  },
  {
    "id": 5,
    "title": "عنوان مقاله 1",
    "excerpt": "این خلاصه‌ای از مقاله 1 است که درباره موضوعات مرتبط با خدمات سرمایشی می‌باشد.",
    "image": "/images/blogs/blog.jpg",
    "link": "/blog/1"
  },
  {
    "id": 6,
    "title": "عنوان مقاله 1",
    "excerpt": "این خلاصه‌ای از مقاله 1 است که درباره موضوعات مرتبط با خدمات سرمایشی می‌باشد.",
    "image": "/images/blogs/blog.jpg",
    "link": "/blog/1"
  },
  {
    "id": 7,
    "title": "عنوان مقاله 1",
    "excerpt": "این خلاصه‌ای از مقاله 1 است که درباره موضوعات مرتبط با خدمات سرمایشی می‌باشد.",
    "image": "/images/blogs/blog.jpg",
    "link": "/blog/1"
  },
  {
    "id": 8,
    "title": "عنوان مقاله 1",
    "excerpt": "این خلاصه‌ای از مقاله 1 است که درباره موضوعات مرتبط با خدمات سرمایشی می‌باشد.",
    "image": "/images/blogs/blog.jpg",
    "link": "/blog/1"
  },
  {
    "id": 9,
    "title": "عنوان مقاله 1",
    "excerpt": "این خلاصه‌ای از مقاله 1 است که درباره موضوعات مرتبط با خدمات سرمایشی می‌باشد.",
    "image": "/images/blogs/blog.jpg",
    "link": "/blog/1"
  },
  {
    "id": 10,
    "title": "عنوان مقاله 1",
    "excerpt": "این خلاصه‌ای از مقاله 1 است که درباره موضوعات مرتبط با خدمات سرمایشی می‌باشد.",
    "image": "/images/blogs/blog.jpg",
    "link": "/blog/1"
  }
]
