[
  {
    "id": 1,
    "title": "عنوان مقاله 1",
    "excerpt": "این خلاصه‌ای از مقاله 1 است که درباره موضوعات مرتبط با خدمات سرمایشی می‌باشد.",
    "image": "/images/blog/1.jpg",
    "link": "/blog/1"
  },
  {
    "id": 2,
    "title": "عنوان مقاله 2",
    "excerpt": "این خلاصه‌ای از مقاله 2 است که درباره موضوعات مرتبط با خدمات سرمایشی می‌باشد.",
    "image": "/images/blog/2.jpg",
    "link": "/blog/2"
  },
  {
    "id": 3,
    "title": "عنوان مقاله 3",
    "excerpt": "این خلاصه‌ای از مقاله 3 است که درباره موضوعات مرتبط با خدمات سرمایشی می‌باشد.",
    "image": "/images/blog/3.jpg",
    "link": "/blog/3"
  },
  {
    "id": 4,
    "title": "عنوان مقاله 4",
    "excerpt": "این خلاصه‌ای از مقاله 4 است که درباره موضوعات مرتبط با خدمات سرمایشی می‌باشد.",
    "image": "/images/blog/4.jpg",
    "link": "/blog/4"
  },
  {
    "id": 5,
    "title": "عنوان مقاله 5",
    "excerpt": "این خلاصه‌ای از مقاله 5 است که درباره موضوعات مرتبط با خدمات سرمایشی می‌باشد.",
    "image": "/images/blog/5.jpg",
    "link": "/blog/5"
  },
  {
    "id": 6,
    "title": "عنوان مقاله 6",
    "excerpt": "این خلاصه‌ای از مقاله 6 است که درباره موضوعات مرتبط با خدمات سرمایشی می‌باشد.",
    "image": "/images/blog/6.jpg",
    "link": "/blog/6"
  },
  {
    "id": 7,
    "title": "عنوان مقاله 7",
    "excerpt": "این خلاصه‌ای از مقاله 7 است که درباره موضوعات مرتبط با خدمات سرمایشی می‌باشد.",
    "image": "/images/blog/7.jpg",
    "link": "/blog/7"
  },
  {
    "id": 8,
    "title": "عنوان مقاله 8",
    "excerpt": "این خلاصه‌ای از مقاله 8 است که درباره موضوعات مرتبط با خدمات سرمایشی می‌باشد.",
    "image": "/images/blog/8.jpg",
    "link": "/blog/8"
  },
  {
    "id": 9,
    "title": "عنوان مقاله 9",
    "excerpt": "این خلاصه‌ای از مقاله 9 است که درباره موضوعات مرتبط با خدمات سرمایشی می‌باشد.",
    "image": "/images/blog/9.jpg",
    "link": "/blog/9"
  },
  {
    "id": 10,
    "title": "عنوان مقاله 10",
    "excerpt": "این خلاصه‌ای از مقاله 10 است که درباره موضوعات مرتبط با خدمات سرمایشی می‌باشد.",
    "image": "/images/blog/10.jpg",
    "link": "/blog/10"
  }
]