[
  {
    "id": 1,
    "name": "آبگرمکن دیواری بوتان",
    "category": "آبگرمکن",
    "price": 8747570,
    "image": ["/images/products/boiler/B3115.jpg"],
    "specs": [
      "مدل B3115i",
      "سه سال ضمانت",
      "دارای رده انرژی E",
      "کارکرد با کمترین جریان آب",
      "دارای شیر تنظیم دما و مقدار آب خروجی",
      "امکان تنظیم شعله به صورت ولومی و پیوسته",
      "مجهز به سیستم ایمنی کلید حرارتی روی مبدل و کلاهک تعدیل",
      "کنترل هوشمند شعله و بهره گیری از سیستم ماژولار",
      "دارای شمعک دائمی",
      "دارای فندک پیزوالکتریک ضربه ای",
      "قابلیت کارکرد با گاز شهری و گاز مایع"
    ],
    "description": {
      "intro": "آبگرمکن دیواری فوری بدون مخزن، مناسب برای استفاده خانگی و اداری",
      "usage": "حداکثر طول لوله موردتوصیه تا دورترین شیر آب گرم، ۸ متر و قطر دودکش مورد نیاز، ۱۵ سانتی متر است",
      "seo": "خرید کولر آبی با کیفیت بالا، قیمت مناسب و گارانتی معتبر."
    }
  },
  {
    "id": 2,
    "name": "آبگرمکن دیواری بوتان",
    "category": "آبگرمکن",
    "price": 9778930,
    "image": ["/images/products/boiler/B3215i.jpg"],
    "specs": [
      "مدل B3115i",
      "سه سال ضمانت",
      "دارای رده انرژی D",
      "کارکرد با کمترین جریان آب",
      "دارای شیر تنظیم دما و مقدار آب خروجی",
      "امکان تنظیم شعله به صورت ولومی و پیوسته",
      "مجهز به سیستم ایمنی کلید حرارتی روی مبدل و کلاهک تعدیل",
      "کنترل هوشمند شعله و بهره گیری از سیستم ماژولار",
      "مجهز به سیستم آیونایز و کنترل هوشمند",
      "بدون شمعک و دارای سیستم جرقه زن خودکار",
      "مصرف بسیار کم گاز",
      "قابلیت کارکرد با گاز شهری و گاز مایع"
    ],
    "description": {
      "intro": "آبگرمکن دیواری فوری بدون مخزن، مناسب برای استفاده خانگی و اداری",
      "usage": "حداکثر طول لوله موردتوصیه تا دورترین شیر آب گرم، ۸ متر و قطر دودکش مورد نیاز، ۱۵ سانتی متر است",
      "seo": "فروش آبگرمکن گازی دیواری با قیمت مناسب و خدمات پس از فروش."
    }
  },
  {
    "id": 3,
    "name": "آبگرمکن دیواری بوتان",
    "category": "آبگرمکن",
    "price": 13285730,
    "image": ["/images/products/boiler/B5418rs.jpg"],
    "specs": [
      "مدل B5418rs",
      "سه سال ضمانت",
      "دارای رده انرژی D",
      "کارکرد با کمترین جریان آب",
      "دارای شیر تنظیم دما و مقدار آب خروجی",
      "امکان تنظیم شعله به صورت ولومی و پیوسته",
      " مجهز به سیستم های ایمنی شیر اطمینان و کلید حرارتی روی مبدل و کلاهک تعدیل",
      "کنترل هوشمند جریان گاز متناسب با دبی آب",
      "مجهز به سیستم آیونایز",
      " مجهز به سیستم عیب‌یاب الکترونیکی",
      "مجهز به نمایشگر شعله",
      "مقاوم در برابر رسوب و املاح آب",
      "محفظه احتراق بسته",
      "امکان تامین هوای مورد نیاز از خارج محل نصب با کمک دودکش دوجداره",
      "قابلیت کارکرد با گاز شهری و گاز مایع"
    ],
    "description": {
      "intro": "کولر آبی مدل ۴۵۰۰ با قابلیت خنک‌کنندگی بالا برای اقلیم گرم و خشک مناسب است.",
      "usage": "در استفاده از این مدل، مشروط به استفاده از دودکش دوجداره، هیچ محدودیتی از جمله کوچک بودن فضای نصب و … وجود نداشته و آب گرم مورد نیاز به صورت ایمن تامین می‌شود. این آبگرمکن با استفاده از یک فن که در مسیر خروج محصولات احتراق از دستگاه واقع شده، آنها را از آبگرمکن خارج نموده و هوای مورد نیاز جهت احتراق دستگاه را از فضای خارج محل نصب تامین می‌نماید. این ویژگی موجب می‌گردد تا بتوان با تایید سرویسکار مجاز در شرایط متنوعی با کمترین محدودیت نصب، از این مدل استفاده نمود.",
      "seo": "خرید کولر آبی با کیفیت بالا، قیمت مناسب و گارانتی معتبر."
    }
  },
  {
    "id": 4,
    "name": "آبگرمکن دیواری بوتان",
    "category": "آبگرمکن",
    "price": 8513380,
    "image": ["/images/products/boiler/B4115.png"],
    "specs": [
      "مدل B4115-Turbo",
      "سه سال ضمانت",
      "دارای رده انرژی E",
      "کارکرد با کمترین جریان آب",
      "دارای شیر تنظیم دما و مقدار آب خروجی",
      "امکان تنظیم شعله به صورت ولومی و پیوسته",
      " مجهز به سیستم های ایمنی کلید حرارتی روی مبدل و کلاهک تعدیل",
      "کنترل هوشمند شعله و بهره گیری از سیستم ماژولار",
      "مجهز به سیستم آیونایز",
      "دارای فندک پیزوالکتریک ضربه ای",
      "دارای شمعک دائمی",
      "مقاوم در برابر رسوب و املاح آب",
      "دارای توربولاتور",
      "قابلیت کارکرد با گاز شهری و گاز مایع"
    ],
    "description": {
      "intro": "آبگرمکن دیواری فوری بدون مخزن، مناسب برای استفاده خانگی و اداری است.",
      "usage": "این مدل ضمن برخورداری از ویژگی‌های عملکردی مدل مشابه نسل‌های قبلی، دارای ابعاد کوچکتر و مقاومت بیشتر در برابر املاح آب بوده و همزمان با عرضه در ایران، به اروپا نیز صادر می‌شود.",
      "seo": "فروش آبگرمکن گازی دیواری با قیمت مناسب و خدمات پس از فروش."
    }
  },
  {
    "id": 5,
    "name": "آبگرمکن دیواری بوتان",
    "category": "آبگرمکن",
    "price": 9513830,
    "image": ["/images/products/boiler/B4118.png"],
    "specs": [
      "مدل B4118-Turbo",
      "سه سال ضمانت",
      "دارای رده انرژی E",
      "کارکرد با کمترین جریان آب",
      "ابعاد کوچک",
      "دارای شیر تنظیم دما و مقدار آب خروجی",
      "امکان تنظیم شعله به صورت ولومی و پیوسته",
      " مجهز به سیستم های ایمنی کلید حرارتی روی مبدل و کلاهک تعدیل",
      "کنترل هوشمند شعله و بهره گیری از سیستم ماژولار",
      "مجهز به سیستم آیونایز",
      "دارای فندک پیزوالکتریک ضربه ای",
      "دارای شمعک دائمی",
      "مقاوم در برابر رسوب و املاح آب",
      "دارای توربولاتور",
      "قابلیت کارکرد با گاز شهری و گاز مایع"
    ],
    "description": {
      "intro": "کولر آبی مدل ۴۵۰۰ با قابلیت خنک‌کنندگی بالا برای اقلیم گرم و خشک مناسب است.",
      "usage": "این مدل ضمن برخورداری از ویژگی‌های عملکردی مدل مشابه نسل‌های قبلی، دارای ابعاد کوچکتر و مقاومت بیشتر در برابر املاح آب بوده و همزمان با عرضه در ایران، به اروپا نیز صادر می‌شود.",
      "seo": "خرید کولر آبی با کیفیت بالا، قیمت مناسب و گارانتی معتبر."
    }
  },
  {
    "id": 6,
    "name": "آبگرمکن دیواری بوتان",
    "category": "آبگرمکن",
    "price": 9509320,
    "image": ["/images/products/boiler/B4215i.png"],
    "specs": [
      "مدل B4215i-Turbo",
      "سه سال ضمانت",
      "دارای رده انرژی C",
      "کارکرد با کمترین جریان آب",
      "ابعاد کوچک",
      "دارای شیر تنظیم دما و مقدار آب خروجی",
      "امکان تنظیم شعله به صورت ولومی و پیوسته",
      "مجهز به سیستم های ایمنی کلید حرارتی روی مبدل و کلاهک تعدیل",
      "کنترل هوشمند شعله و بهره گیری از سیستم ماژولار",
      "مجهز به سیستم آیونایز",
      "دارای فندک پیزوالکتریک ضربه ای",
      "بدون شمعک و دارای سیستم جرقه زن خودکار",
      "مقاوم در برابر رسوب و املاح آب",
      "دارای توربولاتور",
      "قابلیت کارکرد با گاز شهری و گاز مایع"
    ],
    "description": {
      "intro": "آبگرمکن دیواری فوری بدون مخزن، مناسب برای استفاده خانگی و اداری است.",
      "usage": "این مدل ضمن برخورداری از ویژگی‌های عملکردی مدل مشابه نسل‌های قبلی، دارای ابعاد کوچکتر و مقاومت بیشتر در برابر املاح آب بوده و همزمان با عرضه در ایران، به اروپا نیز صادر می‌شود.",
      "seo": "فروش آبگرمکن گازی دیواری با قیمت مناسب و خدمات پس از فروش."
    }
  },
  {
    "id": 7,
    "name": "آبگرمکن دیواری بوتان",
    "category": "آبگرمکن",
    "price": 10472370,
    "image": ["/images/products/boiler/B4218i.png"],
    "specs": [
      "مدل B4218i",
      "سه سال ضمانت",
      "دارای رده انرژی D",
      "کارکرد با کمترین جریان آب",
      "ابعاد کوچک",
      "دارای شیر تنظیم دما و مقدار آب خروجی",
      "امکان تنظیم شعله به صورت ولومی و پیوسته",
      "مجهز به سیستم های ایمنی کلید حرارتی روی مبدل و کلاهک تعدیل",
      "کنترل هوشمند شعله و بهره گیری از سیستم ماژولار",
      "مجهز به سیستم آیونایز",
      "مناسب واحدهای تجاری، اداری و مسکونی مناطق سردسیر",
      "بدون شمعک و دارای سیستم جرقه زن خودکار",
      "مقاوم در برابر رسوب و املاح آب",
      "دارای توربولاتور",
      "قابلیت کارکرد با گاز شهری و گاز مایع"
    ],
    "description": {
      "intro": "این مدل ضمن برخورداری از ویژگی‌های عملکردی مدل مشابه نسل‌های قبلی، دارای ابعاد کوچکتر و مقاومت بیشتر در برابر املاح آب بوده و همزمان با عرضه در ایران، به اروپا نیز صادر می‌شود.",
      "usage": "قابل نصب روی پشت‌بام، تراس یا حیاط.",
      "seo": "خرید کولر آبی با کیفیت بالا، قیمت مناسب و گارانتی معتبر."
    }
  },
  {
    "id": 8,
    "name": "آبگرمکن دیواری بوتان",
    "category": "آبگرمکن",
    "price": 11832300,
    "image": ["/images/products/boiler/B4318if.png"],
    "specs": [
      "مدل B4218i-Turbo",
      "سه سال ضمانت",
      "دارای رده انرژی D",
      "کارکرد با کمترین جریان آب",
      "ابعاد کوچک",
      "دارای شیر تنظیم دما و مقدار آب خروجی",
      "امکان تنظیم شعله به صورت ولومی و پیوسته",
      "مجهز به سیستم های ایمنی کلید حرارتی روی مبدل و کلاهک تعدیل",
      "کنترل هوشمند شعله و بهره گیری از سیستم ماژولار",
      "مجهز به سیستم آیونایز",
      "مجهز به فن تخلیه آلاینده ها",
      "بدون شمعک و دارای سیستم جرقه زن خودکار",
      "مقاوم در برابر رسوب و املاح آب",
      "دارای توربولاتور",
      "قابلیت کارکرد با گاز شهری و گاز مایع"
    ],
    "description": {
      "intro": "این مدل ضمن برخورداری از ویژگی‌های عملکردی مدل مشابه نسل‌های قبلی، دارای ابعاد کوچک تر و مقاومت بیشتر در برابر املاح آب بوده و همزمان با عرضه در ایران، به اروپا نیز صادر می‌شود. این آبگرمکن با استفاده از فن تخلیه آلاینده ها که در مسیر خروج دود از دستگاه واقع شده، آلاینده ها را با شتابی فزاینده از آبگرمکن خارج می نماید. این ویژگی موجب می گردد تا بتوان با تایید سرویسکار مجاز از دودکش های با قطر کم یا فاقد ارتفاع عمودی نیز در نصب این مدل استفاده نمود.",
      "usage": "نصب در آشپزخانه، حمام یا فضاهای محدود.",
      "seo": "فروش آبگرمکن گازی دیواری با قیمت مناسب و خدمات پس از فروش."
    }
  },
  {
    "id": 9,
    "name": "موتور 1/2 تک ژن اصفهان",
    "category": "موتور کولر",
    "price": 3500000,
    "image": ["/images/products/cooler/dynamo12.png"],
    "specs": [
      "مناسب برای کولر 4000 تا 6000",
      "2 سال گارانتی",
      "موتور پرقدرت 1/2",
      "صدای کم",
      "پوشش بدنه ضدزنگ"
    ],
    "description": {
      "intro": "مناسب برای کولرهای آبی 4000 تا 6000",
      "usage": "قابل نصب روی تمامی کولر های آبی.",
      "seo": "خرید کولر آبی با کیفیت بالا، قیمت مناسب و گارانتی معتبر."
    }
  },
  {
    "id": 10,
    "name": "موتور 1/3 تک ژن اصفهان",
    "category": "موتور کولر",
    "price": 3000000,
    "image": ["/images/products/cooler/dynamo13.jpg"],
    "specs": [
      "مناسب برای کولر های 3000 تا 4000",
      "2 سال گارانتی",
      "موتور پرقدرت 1/3",
      "صدای کم",
      "پوشش بدنه ضدزنگ"
    ],
    "description": {
      "intro": "مناسب برای کولرهای آبی",
      "usage": "قابل نصب روی تمامی کولر های آبی.",
      "seo": "خرید کولر آبی با کیفیت بالا، قیمت مناسب و گارانتی معتبر."
    }
  },
  {
    "id": 11,
    "name": "موتور 3/4 تک ژن اصفهان",
    "category": "موتور کولر",
    "price": "$",
    "image": ["/images/products/cooler/dynamo34.jpg"],
    "specs": [
      "مناسب برای کولر 6000 تا 7500",
      "2 سال گارانتی",
      "موتور پرقدرت 3/4",
      "صدای کم",
      "پوشش بدنه ضدزنگ"
    ],
    "description": {
      "intro": "مناسب برای کولرهای آبی",
      "usage": "قابل نصب روی تمامی کولر های آبی.",
      "seo": "خرید کولر آبی با کیفیت بالا، قیمت مناسب و گارانتی معتبر."
    }
  },
  {
    "id": 12,
    "name": "موتور 1/2 پارس ژن",
    "category": "موتور کولر",
    "price": 2300000,
    "image": ["/images/products/cooler/dynamo12.png"],
    "specs": [
      "مناسب برای کولر 4000 تا 6000",
      "1 سال گارانتی",
      "موتور پرقدرت 1/2",
      "صدای کم",
      "پوشش بدنه ضدزنگ"
    ],
    "description": {
      "intro": "مناسب برای کولرهای آبی",
      "usage": "قابل نصب روی تمامی کولر های آبی.",
      "seo": "خرید کولر آبی با کیفیت بالا، قیمت مناسب و گارانتی معتبر."
    }
  },
  {
    "id": 13,
    "name": "موتور 1/3 پارس ژن",
    "category": "موتور کولر",
    "price": 4000000,
    "image": ["/images/products/cooler/dynamo13.jpg"],
    "specs": [
      "مناسب برای کولر های 3000 تا 4000",
      "2 سال گارانتی",
      "موتور پرقدرت 1/3",
      "صدای کم",
      "پوشش بدنه ضدزنگ"
    ],
    "description": {
      "intro": "مناسب برای کولرهای آبی",
      "usage": "قابل نصب روی تمامی کولر های آبی.",
      "seo": "خرید کولر آبی با کیفیت بالا، قیمت مناسب و گارانتی معتبر."
    }
  },
  {
    "id": 14,
    "name": "موتور 3/4 پارس ژن",
    "category": "موتور کولر",
    "price": 2600000,
    "image": ["/images/products/cooler/dynamo34.jpg"],
    "specs": [
      "مناسب برای کولر 6000 تا 7500",
      "1 سال گارانتی",
      "موتور پرقدرت 3/4",
      "صدای کم",
      "پوشش بدنه ضدزنگ"
    ],
    "description": {
      "intro": "مناسب برای کولرهای آبی",
      "usage": "قابل نصب روی تمامی کولر های آبی.",
      "seo": "خرید کولر آبی با کیفیت بالا، قیمت مناسب و گارانتی معتبر."
    }
  },
  {
    "id": 15,
    "name": "موتور 1/2 مس تک ژن اصفهان",
    "category": "موتور کولر",
    "price": 3500000,
    "image": ["/images/products/cooler/dynamo12.png"],
    "specs": [
      "مناسب برای کولر 4000 تا 6000",
      "2 سال گارانتی",
      "بدنه تمام مس",
      "موتور پرقدرت 1/2",
      "صدای کم",
      "پوشش بدنه ضدزنگ"
    ],
    "description": {
      "intro": "مناسب برای کولرهای آبی 4000 تا 6000",
      "usage": "قابل نصب روی تمامی کولر های آبی.",
      "seo": "خرید کولر آبی با کیفیت بالا، قیمت مناسب و گارانتی معتبر."
    }
  },
  {
    "id": 16,
    "name": "موتور  1/3 مس تک ژن اصفهان",
    "category": "موتور کولر",
    "price": 3000000,
    "image": ["/images/products/cooler/dynamo13.jpg"],
    "specs": [
      "مناسب برای کولر های 3000 تا 4000",
      "2 سال گارانتی",
      "بدنه تمام مس",
      "موتور پرقدرت 1/3",
      "صدای کم",
      "پوشش بدنه ضدزنگ"
    ],
    "description": {
      "intro": "مناسب برای کولرهای آبی",
      "usage": "قابل نصب روی تمامی کولر های آبی.",
      "seo": "خرید کولر آبی با کیفیت بالا، قیمت مناسب و گارانتی معتبر."
    }
  },
  {
    "id": 17,
    "name": "موتور 3/4 مس تک ژن اصفهان",
    "category": "موتور کولر",
    "price": "$",
    "image": ["/images/products/cooler/dynamo34.jpg"],
    "specs": [
      "مناسب برای کولر 6000 تا 7500",
      "2 سال گارانتی",
      "بدنه تمام مس",
      "موتور پرقدرت 3/4",
      "صدای کم",
      "پوشش بدنه ضدزنگ"
    ],
    "description": {
      "intro": "مناسب برای کولرهای آبی",
      "usage": "قابل نصب روی تمامی کولر های آبی.",
      "seo": "خرید کولر آبی با کیفیت بالا، قیمت مناسب و گارانتی معتبر."
    }
  }
]
