[
  {
    "id": 1,
    "name": "محصول 1",
    "category": "کولر آبی",
    "price": 2450000,
    "images": [
      "/images/products/123.png"
    ],
    "specs": [
      "پوشش بدنه ضدزنگ",
      "موتور پرقدرت ۱/۲ اسب",
      "صدای کم"
    ],
    "description": {
      "intro": "کولر آبی مدل ۴۵۰۰ با قابلیت خنک‌کنندگی بالا برای اقلیم گرم و خشک مناسب است.",
      "features": [
        "دارای پوشال ضخیم جهت راندمان بالا",
        "پوشش ضد زنگ گالوانیزه",
        "کم‌مصرف و سازگار با محیط زیست"
      ],
      "usage": "قابل نصب روی پشت‌بام، تراس یا حیاط.",
      "seo": "خرید کولر آبی با کیفیت بالا، قیمت مناسب و گارانتی معتبر."
    },
    "descriptionFile": "/descriptions/1.md"
  },
  {
    "id": 2,
    "name": "محصول 2",
    "category": "آبگرمکن دیواری",
    "price": 2900000,
    "images": [
      "/images/products/product2.jpg"
    ],
    "specs": [
      "شیر اطمینان",
      "قابلیت نصب در فضای کم",
      "سیستم ایمنی"
    ],
    "description": {
      "intro": "آبگرمکن دیواری فوری بدون مخزن، مناسب برای استفاده خانگی و اداری است.",
      "features": [
        "سیستم جرقه‌زن خودکار",
        "راندمان حرارتی بالا",
        "مجهز به سنسور حرارتی و دودکش"
      ],
      "usage": "نصب در آشپزخانه، حمام یا فضاهای محدود.",
      "seo": "فروش آبگرمکن گازی دیواری با قیمت مناسب و خدمات پس از فروش."
    },
    "descriptionFile": "/descriptions/2.md"
  },
  {
    "id": 3,
    "name": "محصول 3",
    "category": "آبگرمکن دیواری",
    "price": 3350000,
    "images": [
      "/images/products/product3.jpg"
    ],
    "specs": [
      "شیر اطمینان",
      "قابلیت نصب در فضای کم",
      "سیستم ایمنی"
    ],
    "description": {
      "intro": "آبگرمکن دیواری فوری بدون مخزن، مناسب برای استفاده خانگی و اداری است.",
      "features": [
        "سیستم جرقه‌زن خودکار",
        "راندمان حرارتی بالا",
        "مجهز به سنسور حرارتی و دودکش"
      ],
      "usage": "نصب در آشپزخانه، حمام یا فضاهای محدود.",
      "seo": "فروش آبگرمکن گازی دیواری با قیمت مناسب و خدمات پس از فروش."
    },
    "descriptionFile": "/descriptions/3.md"
  },
  {
    "id": 4,
    "name": "محصول 4",
    "category": "آبگرمکن دیواری",
    "price": 3800000,
    "images": [
      "/images/products/product4.jpg"
    ],
    "specs": [
      "شیر اطمینان",
      "قابلیت نصب در فضای کم",
      "سیستم ایمنی"
    ],
    "description": {
      "intro": "آبگرمکن دیواری فوری بدون مخزن، مناسب برای استفاده خانگی و اداری است.",
      "features": [
        "سیستم جرقه‌زن خودکار",
        "راندمان حرارتی بالا",
        "مجهز به سنسور حرارتی و دودکش"
      ],
      "usage": "نصب در آشپزخانه، حمام یا فضاهای محدود.",
      "seo": "فروش آبگرمکن گازی دیواری با قیمت مناسب و خدمات پس از فروش."
    },
    "descriptionFile": "/descriptions/4.md"
  },
  {
    "id": 5,
    "name": "محصول 5",
    "category": "قطعات آبگرمکن",
    "price": 4250000,
    "images": [
      "/images/products/product5.jpg"
    ],
    "specs": [
      "ترموکوپل مقاوم",
      "شیر کنترل گاز",
      "برد الکترونیکی"
    ],
    "description": {
      "intro": "قطعات یدکی آبگرمکن از برندهای معتبر با دوام و کارایی بالا ارائه می‌شوند.",
      "features": [
        "سازگار با انواع آبگرمکن دیواری و ایستاده",
        "دارای استاندارد ایمنی",
        "قیمت مناسب و طول عمر بالا"
      ],
      "usage": "برای سرویس دوره‌ای یا تعمیرات جزئی.",
      "seo": "قطعات اورجینال آبگرمکن با تضمین اصالت و کیفیت."
    },
    "descriptionFile": "/descriptions/5.md"
  },
  {
    "id": 6,
    "name": "محصول 6",
    "category": "سایر قطعات",
    "price": 4700000,
    "images": [
      "/images/products/product6.jpg"
    ],
    "specs": [
      "شلنگ گاز تقویت‌شده",
      "سوئیچ ایمنی",
      "فیلتر هوا"
    ],
    "description": {
      "intro": "سایر تجهیزات جانبی و مصرفی برای سیستم‌های گرمایشی و سرمایشی.",
      "features": [
        "سازگار با برندهای مختلف",
        "کیفیت ساخت بالا",
        "نصب ساده و ایمن"
      ],
      "usage": "مناسب برای ارتقاء یا نگهداری سیستم‌های تاسیساتی.",
      "seo": "تجهیزات و قطعات جانبی با قیمت اقتصادی و عملکرد قابل اطمینان."
    },
    "descriptionFile": "/descriptions/6.md"
  },
  {
    "id": 7,
    "name": "محصول 7",
    "category": "قطعات آبگرمکن",
    "price": 5150000,
    "images": [
      "/images/products/product7.jpg"
    ],
    "specs": [
      "ترموکوپل مقاوم",
      "شیر کنترل گاز",
      "برد الکترونیکی"
    ],
    "description": {
      "intro": "قطعات یدکی آبگرمکن از برندهای معتبر با دوام و کارایی بالا ارائه می‌شوند.",
      "features": [
        "سازگار با انواع آبگرمکن دیواری و ایستاده",
        "دارای استاندارد ایمنی",
        "قیمت مناسب و طول عمر بالا"
      ],
      "usage": "برای سرویس دوره‌ای یا تعمیرات جزئی.",
      "seo": "قطعات اورجینال آبگرمکن با تضمین اصالت و کیفیت."
    },
    "descriptionFile": "/descriptions/7.md"
  },
  {
    "id": 8,
    "name": "محصول 8",
    "category": "قطعات آبگرمکن",
    "price": 5600000,
    "images": [
      "/images/products/product8.jpg"
    ],
    "specs": [
      "ترموکوپل مقاوم",
      "شیر کنترل گاز",
      "برد الکترونیکی"
    ],
    "description": {
      "intro": "قطعات یدکی آبگرمکن از برندهای معتبر با دوام و کارایی بالا ارائه می‌شوند.",
      "features": [
        "سازگار با انواع آبگرمکن دیواری و ایستاده",
        "دارای استاندارد ایمنی",
        "قیمت مناسب و طول عمر بالا"
      ],
      "usage": "برای سرویس دوره‌ای یا تعمیرات جزئی.",
      "seo": "قطعات اورجینال آبگرمکن با تضمین اصالت و کیفیت."
    },
    "descriptionFile": "/descriptions/8.md"
  },
  {
    "id": 9,
    "name": "محصول 9",
    "category": "قطعات کولر",
    "price": 6050000,
    "images": [
      "/images/products/product9.jpg"
    ],
    "specs": [
      "پروانه سبک",
      "پمپ ضد رسوب",
      "پد سلولزی"
    ],
    "description": {
      "intro": "قطعات یدکی کولر برای افزایش عمر مفید و کارایی دستگاه طراحی شده‌اند.",
      "features": [
        "نصب آسان و سریع",
        "سازگار با انواع کولرهای پوشالی و سلولزی",
        "قیمت مناسب و کیفیت تضمینی"
      ],
      "usage": "مناسب برای تعمیر و نگهداری فصلی کولر.",
      "seo": "خرید قطعات کولر با کیفیت و قیمت رقابتی برای انواع مدل‌ها."
    },
    "descriptionFile": "/descriptions/9.md"
  },
  {
    "id": 10,
    "name": "محصول 10",
    "category": "سایر قطعات",
    "price": 6500000,
    "images": [
      "/images/products/product10.jpg"
    ],
    "specs": [
      "شلنگ گاز تقویت‌شده",
      "سوئیچ ایمنی",
      "فیلتر هوا"
    ],
    "description": {
      "intro": "سایر تجهیزات جانبی و مصرفی برای سیستم‌های گرمایشی و سرمایشی.",
      "features": [
        "سازگار با برندهای مختلف",
        "کیفیت ساخت بالا",
        "نصب ساده و ایمن"
      ],
      "usage": "مناسب برای ارتقاء یا نگهداری سیستم‌های تاسیساتی.",
      "seo": "تجهیزات و قطعات جانبی با قیمت اقتصادی و عملکرد قابل اطمینان."
    },
    "descriptionFile": "/descriptions/10.md"
  }
]