[
  {
    "id": 1,
    "name": "کولر آبی سپهر الکتریک",
    "category": "کولر",
    "price": 2450000,
    "images": ["/images/products/cooler.png", "/images/products/cooler.png"],
    "specs": ["پوشش بدنه ضدزنگ", "موتور پرقدرت ۱/۲ اسب", "صدای کم"],
    "description": {
      "intro": "کولر آبی مدل ۴۵۰۰ با قابلیت خنک‌کنندگی بالا برای اقلیم گرم و خشک مناسب است.",
      "features": [
        "دارای پوشال ضخیم جهت راندمان بالا",
        "پوشش ضد زنگ گالوانیزه",
        "کم‌مصرف و سازگار با محیط زیست"
      ],
      "usage": "قابل نصب روی پشت‌بام، تراس یا حیاط.",
      "seo": "خرید کولر آبی با کیفیت بالا، قیمت مناسب و گارانتی معتبر."
    },
    "descriptionFile": "/descriptions/1.md"
  },
  {
    "id": 2,
    "name": "آبگرمکن دیواری بوتان",
    "category": "آبگرمکن",
    "price": 2900000,
    "images": ["/images/products/boiler.png", "/images/products/boiler.png"],
    "specs": ["شیر اطمینان", "قابلیت نصب در فضای کم", "سیستم ایمنی"],
    "description": {
      "intro": "آبگرمکن دیواری فوری بدون مخزن، مناسب برای استفاده خانگی و اداری است.",
      "features": [
        "سیستم جرقه‌زن خودکار",
        "راندمان حرارتی بالا",
        "مجهز به سنسور حرارتی و دودکش"
      ],
      "usage": "نصب در آشپزخانه، حمام یا فضاهای محدود.",
      "seo": "فروش آبگرمکن گازی دیواری با قیمت مناسب و خدمات پس از فروش."
    },
    "descriptionFile": "/descriptions/2.md"
  },
  {
    "id": 3,
    "name": "کولر آبی سپهر الکتریک",
    "category": "کولر",
    "price": 3450000,
    "images": ["/images/products/cooler.png", "/images/products/cooler.png"],
    "specs": ["پوشش بدنه ضدزنگ", "موتور پرقدرت ۱/۲ اسب", "صدای کم"],
    "description": {
      "intro": "کولر آبی مدل ۴۵۰۰ با قابلیت خنک‌کنندگی بالا برای اقلیم گرم و خشک مناسب است.",
      "features": [
        "دارای پوشال ضخیم جهت راندمان بالا",
        "پوشش ضد زنگ گالوانیزه",
        "کم‌مصرف و سازگار با محیط زیست"
      ],
      "usage": "قابل نصب روی پشت‌بام، تراس یا حیاط.",
      "seo": "خرید کولر آبی با کیفیت بالا، قیمت مناسب و گارانتی معتبر."
    },
    "descriptionFile": "/descriptions/1.md"
  },
  {
    "id": 4,
    "name": "آبگرمکن دیواری بوتان",
    "category": "آبگرمکن",
    "price": 4900000,
    "images": ["/images/products/boiler.png", "/images/products/boiler.png"],
    "specs": ["شیر اطمینان", "قابلیت نصب در فضای کم", "سیستم ایمنی"],
    "description": {
      "intro": "آبگرمکن دیواری فوری بدون مخزن، مناسب برای استفاده خانگی و اداری است.",
      "features": [
        "سیستم جرقه‌زن خودکار",
        "راندمان حرارتی بالا",
        "مجهز به سنسور حرارتی و دودکش"
      ],
      "usage": "نصب در آشپزخانه، حمام یا فضاهای محدود.",
      "seo": "فروش آبگرمکن گازی دیواری با قیمت مناسب و خدمات پس از فروش."
    },
    "descriptionFile": "/descriptions/2.md"
  },
  {
    "id": 5,
    "name": "کولر آبی سپهر الکتریک",
    "category": "کولر",
    "price": 1450000,
    "images": ["/images/products/cooler.png", "/images/products/cooler.png"],
    "specs": ["پوشش بدنه ضدزنگ", "موتور پرقدرت ۱/۲ اسب", "صدای کم"],
    "description": {
      "intro": "کولر آبی مدل ۴۵۰۰ با قابلیت خنک‌کنندگی بالا برای اقلیم گرم و خشک مناسب است.",
      "features": [
        "دارای پوشال ضخیم جهت راندمان بالا",
        "پوشش ضد زنگ گالوانیزه",
        "کم‌مصرف و سازگار با محیط زیست"
      ],
      "usage": "قابل نصب روی پشت‌بام، تراس یا حیاط.",
      "seo": "خرید کولر آبی با کیفیت بالا، قیمت مناسب و گارانتی معتبر."
    },
    "descriptionFile": "/descriptions/1.md"
  },
  {
    "id": 6,
    "name": "آبگرمکن دیواری بوتان",
    "category": "آبگرمکن",
    "price": 2900000,
    "images": ["/images/products/boiler.png", "/images/products/boiler.png"],
    "specs": ["شیر اطمینان", "قابلیت نصب در فضای کم", "سیستم ایمنی"],
    "description": {
      "intro": "آبگرمکن دیواری فوری بدون مخزن، مناسب برای استفاده خانگی و اداری است.",
      "features": [
        "سیستم جرقه‌زن خودکار",
        "راندمان حرارتی بالا",
        "مجهز به سنسور حرارتی و دودکش"
      ],
      "usage": "نصب در آشپزخانه، حمام یا فضاهای محدود.",
      "seo": "فروش آبگرمکن گازی دیواری با قیمت مناسب و خدمات پس از فروش."
    },
    "descriptionFile": "/descriptions/2.md"
  },
  {
    "id": 7,
    "name": "کولر آبی سپهر الکتریک",
    "category": "کولر",
    "price": 2450000,
    "images": ["/images/products/cooler.png", "/images/products/cooler.png"],
    "specs": ["پوشش بدنه ضدزنگ", "موتور پرقدرت ۱/۲ اسب", "صدای کم"],
    "description": {
      "intro": "کولر آبی مدل ۴۵۰۰ با قابلیت خنک‌کنندگی بالا برای اقلیم گرم و خشک مناسب است.",
      "features": [
        "دارای پوشال ضخیم جهت راندمان بالا",
        "پوشش ضد زنگ گالوانیزه",
        "کم‌مصرف و سازگار با محیط زیست"
      ],
      "usage": "قابل نصب روی پشت‌بام، تراس یا حیاط.",
      "seo": "خرید کولر آبی با کیفیت بالا، قیمت مناسب و گارانتی معتبر."
    },
    "descriptionFile": "/descriptions/1.md"
  },
  {
    "id": 8,
    "name": "آبگرمکن دیواری بوتان",
    "category": "آبگرمکن",
    "price": 2900000,
    "images": ["/images/products/boiler.png", "/images/products/boiler.png"],
    "specs": ["شیر اطمینان", "قابلیت نصب در فضای کم", "سیستم ایمنی"],
    "description": {
      "intro": "آبگرمکن دیواری فوری بدون مخزن، مناسب برای استفاده خانگی و اداری است.",
      "features": [
        "سیستم جرقه‌زن خودکار",
        "راندمان حرارتی بالا",
        "مجهز به سنسور حرارتی و دودکش"
      ],
      "usage": "نصب در آشپزخانه، حمام یا فضاهای محدود.",
      "seo": "فروش آبگرمکن گازی دیواری با قیمت مناسب و خدمات پس از فروش."
    },
    "descriptionFile": "/descriptions/2.md"
  },
  {
    "id": 9,
    "name": "کولر آبی سپهر الکتریک",
    "category": "کولر",
    "price": 2450000,
    "images": ["/images/products/cooler.png", "/images/products/cooler.png"],
    "specs": ["پوشش بدنه ضدزنگ", "موتور پرقدرت ۱/۲ اسب", "صدای کم"],
    "description": {
      "intro": "کولر آبی مدل ۴۵۰۰ با قابلیت خنک‌کنندگی بالا برای اقلیم گرم و خشک مناسب است.",
      "features": [
        "دارای پوشال ضخیم جهت راندمان بالا",
        "پوشش ضد زنگ گالوانیزه",
        "کم‌مصرف و سازگار با محیط زیست"
      ],
      "usage": "قابل نصب روی پشت‌بام، تراس یا حیاط.",
      "seo": "خرید کولر آبی با کیفیت بالا، قیمت مناسب و گارانتی معتبر."
    },
    "descriptionFile": "/descriptions/1.md"
  },
  {
    "id": 10,
    "name": "آبگرمکن دیواری بوتان",
    "category": "آبگرمکن",
    "price": 2900000,
    "images": ["/images/products/boiler.png", "/images/products/boiler.png"],
    "specs": ["شیر اطمینان", "قابلیت نصب در فضای کم", "سیستم ایمنی"],
    "description": {
      "intro": "آبگرمکن دیواری فوری بدون مخزن، مناسب برای استفاده خانگی و اداری است.",
      "features": [
        "سیستم جرقه‌زن خودکار",
        "راندمان حرارتی بالا",
        "مجهز به سنسور حرارتی و دودکش"
      ],
      "usage": "نصب در آشپزخانه، حمام یا فضاهای محدود.",
      "seo": "فروش آبگرمکن گازی دیواری با قیمت مناسب و خدمات پس از فروش."
    },
    "descriptionFile": "/descriptions/2.md"
  },
  {
    "id": 11,
    "name": "کولر آبی سپهر الکتریک",
    "category": "کولر",
    "price": 2450000,
    "images": ["/images/products/cooler.png", "/images/products/cooler.png"],
    "specs": ["پوشش بدنه ضدزنگ", "موتور پرقدرت ۱/۲ اسب", "صدای کم"],
    "description": {
      "intro": "کولر آبی مدل ۴۵۰۰ با قابلیت خنک‌کنندگی بالا برای اقلیم گرم و خشک مناسب است.",
      "features": [
        "دارای پوشال ضخیم جهت راندمان بالا",
        "پوشش ضد زنگ گالوانیزه",
        "کم‌مصرف و سازگار با محیط زیست"
      ],
      "usage": "قابل نصب روی پشت‌بام، تراس یا حیاط.",
      "seo": "خرید کولر آبی با کیفیت بالا، قیمت مناسب و گارانتی معتبر."
    },
    "descriptionFile": "/descriptions/1.md"
  },
  {
    "id": 12,
    "name": "آبگرمکن دیواری بوتان",
    "category": "آبگرمکن",
    "price": 2900000,
    "images": ["/images/products/boiler.png", "/images/products/boiler.png"],
    "specs": ["شیر اطمینان", "قابلیت نصب در فضای کم", "سیستم ایمنی"],
    "description": {
      "intro": "آبگرمکن دیواری فوری بدون مخزن، مناسب برای استفاده خانگی و اداری است.",
      "features": [
        "سیستم جرقه‌زن خودکار",
        "راندمان حرارتی بالا",
        "مجهز به سنسور حرارتی و دودکش"
      ],
      "usage": "نصب در آشپزخانه، حمام یا فضاهای محدود.",
      "seo": "فروش آبگرمکن گازی دیواری با قیمت مناسب و خدمات پس از فروش."
    },
    "descriptionFile": "/descriptions/2.md"
  },
  {
    "id": 13,
    "name": "کولر آبی ارج",
    "category": "کولر",
    "price": 2450000,
    "images": ["/images/products/cooler.png", "/images/products/cooler.png"],
    "specs": ["پوشش بدنه ضدزنگ", "موتور پرقدرت ۱/۲ اسب", "صدای کم"],
    "description": {
      "intro": "کولر آبی مدل ۴۵۰۰ با قابلیت خنک‌کنندگی بالا برای اقلیم گرم و خشک مناسب است.",
      "features": [
        "دارای پوشال ضخیم جهت راندمان بالا",
        "پوشش ضد زنگ گالوانیزه",
        "کم‌مصرف و سازگار با محیط زیست"
      ],
      "usage": "قابل نصب روی پشت‌بام، تراس یا حیاط.",
      "seo": "خرید کولر آبی با کیفیت بالا، قیمت مناسب و گارانتی معتبر."
    },
    "descriptionFile": "/descriptions/1.md"
  },
  {
    "id": 14,
    "name": "آبگرمکن دیواری بوتان",
    "category": "آبگرمکن",
    "price": 2900000,
    "images": ["/images/products/boiler.png", "/images/products/boiler.png"],
    "specs": ["شیر اطمینان", "قابلیت نصب در فضای کم", "سیستم ایمنی"],
    "description": {
      "intro": "آبگرمکن دیواری فوری بدون مخزن، مناسب برای استفاده خانگی و اداری است.",
      "features": [
        "سیستم جرقه‌زن خودکار",
        "راندمان حرارتی بالا",
        "مجهز به سنسور حرارتی و دودکش"
      ],
      "usage": "نصب در آشپزخانه، حمام یا فضاهای محدود.",
      "seo": "فروش آبگرمکن گازی دیواری با قیمت مناسب و خدمات پس از فروش."
    },
    "descriptionFile": "/descriptions/2.md"
  },
  {
    "id": 15,
    "name": "کولر آبی سپهر الکتریک",
    "category": "کولر",
    "price": 2450000,
    "images": ["/images/products/cooler.png", "/images/products/cooler.png"],
    "specs": ["پوشش بدنه ضدزنگ", "موتور پرقدرت ۱/۲ اسب", "صدای کم"],
    "description": {
      "intro": "کولر آبی مدل ۴۵۰۰ با قابلیت خنک‌کنندگی بالا برای اقلیم گرم و خشک مناسب است.",
      "features": [
        "دارای پوشال ضخیم جهت راندمان بالا",
        "پوشش ضد زنگ گالوانیزه",
        "کم‌مصرف و سازگار با محیط زیست"
      ],
      "usage": "قابل نصب روی پشت‌بام، تراس یا حیاط.",
      "seo": "خرید کولر آبی با کیفیت بالا، قیمت مناسب و گارانتی معتبر."
    },
    "descriptionFile": "/descriptions/1.md"
  },
  {
    "id": 16,
    "name": "آبگرمکن دیواری بوتان",
    "category": "آبگرمکن",
    "price": 8900000,
    "images": ["/images/products/boiler.png", "/images/products/boiler.png"],
    "specs": ["شیر اطمینان", "قابلیت نصب در فضای کم", "سیستم ایمنی"],
    "description": {
      "intro": "آبگرمکن دیواری فوری بدون مخزن، مناسب برای استفاده خانگی و اداری است.",
      "features": [
        "سیستم جرقه‌زن خودکار",
        "راندمان حرارتی بالا",
        "مجهز به سنسور حرارتی و دودکش"
      ],
      "usage": "نصب در آشپزخانه، حمام یا فضاهای محدود.",
      "seo": "فروش آبگرمکن گازی دیواری با قیمت مناسب و خدمات پس از فروش."
    },
    "descriptionFile": "/descriptions/2.md"
  }
]
