[
  {
    "name": "مشتری 1",
    "comment": "نظر مشتری 1 درباره خدمات بسیار عالی و قابل‌اعتماد بود.",
    "image": "/images/users/user1.jpg"
  },
  {
    "name": "مشتری 2",
    "comment": "نظر مشتری 2 درباره خدمات بسیار عالی و قابل‌اعتماد بود.",
    "image": "/images/users/user2.jpg"
  },
  {
    "name": "مشتری 3",
    "comment": "نظر مشتری 3 درباره خدمات بسیار عالی و قابل‌اعتماد بود.",
    "image": "/images/users/user3.jpg"
  },
  {
    "name": "مشتری 4",
    "comment": "نظر مشتری 4 درباره خدمات بسیار عالی و قابل‌اعتماد بود.",
    "image": "/images/users/user4.jpg"
  },
  {
    "name": "مشتری 5",
    "comment": "نظر مشتری 5 درباره خدمات بسیار عالی و قابل‌اعتماد بود.",
    "image": "/images/users/user1.jpg"
  },
  {
    "name": "مشتری 6",
    "comment": "نظر مشتری 6 درباره خدمات بسیار عالی و قابل‌اعتماد بود.",
    "image": "/images/users/user2.jpg"
  },
  {
    "name": "مشتری 7",
    "comment": "نظر مشتری 7 درباره خدمات بسیار عالی و قابل‌اعتماد بود.",
    "image": "/images/users/user3.jpg"
  },
  {
    "name": "مشتری 8",
    "comment": "نظر مشتری 8 درباره خدمات بسیار عالی و قابل‌اعتماد بود.",
    "image": "/images/users/user4.jpg"
  },
  {
    "name": "مشتری 9",
    "comment": "نظر مشتری 9 درباره خدمات بسیار عالی و قابل‌اعتماد بود.",
    "image": "/images/users/user1.jpg"
  },
  {
    "name": "مشتری 10",
    "comment": "نظر مشتری 10 درباره خدمات بسیار عالی و قابل‌اعتماد بود.",
    "image": "/images/users/user2.jpg"
  }
]